Job,Level,Nationality,Gender,Version,Similarity_Score,Filename,JD_Filename
CC,JR,AL,F,V1,0.6965,CC_JR_AL_F_V1.txt,JD_CC_JR.txt
CC,JR,AL,F,V2,0.5675,CC_JR_AL_F_V2.txt,JD_CC_JR.txt
CC,JR,AL,F,V3,0.4659,CC_JR_AL_F_V3.txt,JD_CC_JR.txt
CC,JR,AL,M,V1,0.703,CC_JR_AL_M_V1.txt,JD_CC_JR.txt
CC,JR,AL,M,V2,0.5713,CC_JR_AL_M_V2.txt,JD_CC_JR.txt
CC,JR,AL,M,V3,0.4702,CC_JR_AL_M_V3.txt,JD_CC_JR.txt
CC,JR,BR,F,V1,0.6992,CC_JR_BR_F_V1.txt,JD_CC_JR.txt
CC,JR,BR,F,V2,0.5698,CC_JR_BR_F_V2.txt,JD_CC_JR.txt
CC,JR,BR,F,V3,0.483,CC_JR_BR_F_V3.txt,JD_CC_JR.txt
CC,JR,BR,M,V1,0.7076,CC_JR_BR_M_V1.txt,JD_CC_JR.txt
CC,JR,BR,M,V2,0.5741,CC_JR_BR_M_V2.txt,JD_CC_JR.txt
CC,JR,BR,M,V3,0.4888,CC_JR_BR_M_V3.txt,JD_CC_JR.txt
CC,JR,IT,F,V1,0.6691,CC_JR_IT_F_V1.txt,JD_CC_JR.txt
CC,JR,IT,F,V2,0.5557,CC_JR_IT_F_V2.txt,JD_CC_JR.txt
CC,JR,IT,F,V3,0.4613,CC_JR_IT_F_V3.txt,JD_CC_JR.txt
CC,JR,IT,M,V1,0.6749,CC_JR_IT_M_V1.txt,JD_CC_JR.txt
CC,JR,IT,M,V2,0.5593,CC_JR_IT_M_V2.txt,JD_CC_JR.txt
CC,JR,IT,M,V3,0.4657,CC_JR_IT_M_V3.txt,JD_CC_JR.txt
CC,JR,MO,F,V1,0.6837,CC_JR_MO_F_V1.txt,JD_CC_JR.txt
CC,JR,MO,F,V2,0.5693,CC_JR_MO_F_V2.txt,JD_CC_JR.txt
CC,JR,MO,F,V3,0.4705,CC_JR_MO_F_V3.txt,JD_CC_JR.txt
CC,JR,MO,M,V1,0.6894,CC_JR_MO_M_V1.txt,JD_CC_JR.txt
CC,JR,MO,M,V2,0.5728,CC_JR_MO_M_V2.txt,JD_CC_JR.txt
CC,JR,MO,M,V3,0.4741,CC_JR_MO_M_V3.txt,JD_CC_JR.txt
CC,MGR,AL,F,V1,0.7777,CC_MGR_AL_F_V1.txt,JD_CC_MGR.txt
CC,MGR,AL,F,V2,0.6958,CC_MGR_AL_F_V2.txt,JD_CC_MGR.txt
CC,MGR,AL,F,V3,0.589,CC_MGR_AL_F_V3.txt,JD_CC_MGR.txt
CC,MGR,AL,M,V1,0.7799,CC_MGR_AL_M_V1.txt,JD_CC_MGR.txt
CC,MGR,AL,M,V2,0.6993,CC_MGR_AL_M_V2.txt,JD_CC_MGR.txt
CC,MGR,AL,M,V3,0.5915,CC_MGR_AL_M_V3.txt,JD_CC_MGR.txt
CC,MGR,BR,F,V1,0.7778,CC_MGR_BR_F_V1.txt,JD_CC_MGR.txt
CC,MGR,BR,F,V2,0.7026,CC_MGR_BR_F_V2.txt,JD_CC_MGR.txt
CC,MGR,BR,F,V3,0.5945,CC_MGR_BR_F_V3.txt,JD_CC_MGR.txt
CC,MGR,BR,M,V1,0.7807,CC_MGR_BR_M_V1.txt,JD_CC_MGR.txt
CC,MGR,BR,M,V2,0.7078,CC_MGR_BR_M_V2.txt,JD_CC_MGR.txt
CC,MGR,BR,M,V3,0.5981,CC_MGR_BR_M_V3.txt,JD_CC_MGR.txt
CC,MGR,IT,F,V1,0.7517,CC_MGR_IT_F_V1.txt,JD_CC_MGR.txt
CC,MGR,IT,F,V2,0.6768,CC_MGR_IT_F_V2.txt,JD_CC_MGR.txt
CC,MGR,IT,F,V3,0.5822,CC_MGR_IT_F_V3.txt,JD_CC_MGR.txt
CC,MGR,IT,M,V1,0.7531,CC_MGR_IT_M_V1.txt,JD_CC_MGR.txt
CC,MGR,IT,M,V2,0.68,CC_MGR_IT_M_V2.txt,JD_CC_MGR.txt
CC,MGR,IT,M,V3,0.5846,CC_MGR_IT_M_V3.txt,JD_CC_MGR.txt
CC,MGR,MO,F,V1,0.7616,CC_MGR_MO_F_V1.txt,JD_CC_MGR.txt
CC,MGR,MO,F,V2,0.6967,CC_MGR_MO_F_V2.txt,JD_CC_MGR.txt
CC,MGR,MO,F,V3,0.5857,CC_MGR_MO_F_V3.txt,JD_CC_MGR.txt
CC,MGR,MO,M,V1,0.7628,CC_MGR_MO_M_V1.txt,JD_CC_MGR.txt
CC,MGR,MO,M,V2,0.7001,CC_MGR_MO_M_V2.txt,JD_CC_MGR.txt
CC,MGR,MO,M,V3,0.588,CC_MGR_MO_M_V3.txt,JD_CC_MGR.txt
CC,MID,AL,F,V1,0.7394,CC_MID_AL_F_V1.txt,JD_CC_MID.txt
CC,MID,AL,F,V2,0.6836,CC_MID_AL_F_V2.txt,JD_CC_MID.txt
CC,MID,AL,F,V3,0.4668,CC_MID_AL_F_V3.txt,JD_CC_MID.txt
CC,MID,AL,M,V1,0.7406,CC_MID_AL_M_V1.txt,JD_CC_MID.txt
CC,MID,AL,M,V2,0.6895,CC_MID_AL_M_V2.txt,JD_CC_MID.txt
CC,MID,AL,M,V3,0.4675,CC_MID_AL_M_V3.txt,JD_CC_MID.txt
CC,MID,BR,F,V1,0.7425,CC_MID_BR_F_V1.txt,JD_CC_MID.txt
CC,MID,BR,F,V2,0.6886,CC_MID_BR_F_V2.txt,JD_CC_MID.txt
CC,MID,BR,F,V3,0.4773,CC_MID_BR_F_V3.txt,JD_CC_MID.txt
CC,MID,BR,M,V1,0.7441,CC_MID_BR_M_V1.txt,JD_CC_MID.txt
CC,MID,BR,M,V2,0.6961,CC_MID_BR_M_V2.txt,JD_CC_MID.txt
CC,MID,BR,M,V3,0.4789,CC_MID_BR_M_V3.txt,JD_CC_MID.txt
CC,MID,IT,F,V1,0.7143,CC_MID_IT_F_V1.txt,JD_CC_MID.txt
CC,MID,IT,F,V2,0.6643,CC_MID_IT_F_V2.txt,JD_CC_MID.txt
CC,MID,IT,F,V3,0.4658,CC_MID_IT_F_V3.txt,JD_CC_MID.txt
CC,MID,IT,M,V1,0.7143,CC_MID_IT_M_V1.txt,JD_CC_MID.txt
CC,MID,IT,M,V2,0.67,CC_MID_IT_M_V2.txt,JD_CC_MID.txt
CC,MID,IT,M,V3,0.4667,CC_MID_IT_M_V3.txt,JD_CC_MID.txt
CC,MID,MO,F,V1,0.7359,CC_MID_MO_F_V1.txt,JD_CC_MID.txt
CC,MID,MO,F,V2,0.6839,CC_MID_MO_F_V2.txt,JD_CC_MID.txt
CC,MID,MO,F,V3,0.4789,CC_MID_MO_F_V3.txt,JD_CC_MID.txt
CC,MID,MO,M,V1,0.7363,CC_MID_MO_M_V1.txt,JD_CC_MID.txt
CC,MID,MO,M,V2,0.6896,CC_MID_MO_M_V2.txt,JD_CC_MID.txt
CC,MID,MO,M,V3,0.4802,CC_MID_MO_M_V3.txt,JD_CC_MID.txt
CC,SR,AL,F,V1,0.8145,CC_SR_AL_F_V1.txt,JD_CC_SR.txt
CC,SR,AL,F,V2,0.7636,CC_SR_AL_F_V2.txt,JD_CC_SR.txt
CC,SR,AL,F,V3,0.6288,CC_SR_AL_F_V3.txt,JD_CC_SR.txt
CC,SR,AL,M,V1,0.8197,CC_SR_AL_M_V1.txt,JD_CC_SR.txt
CC,SR,AL,M,V2,0.7694,CC_SR_AL_M_V2.txt,JD_CC_SR.txt
CC,SR,AL,M,V3,0.6352,CC_SR_AL_M_V3.txt,JD_CC_SR.txt
CC,SR,BR,F,V1,0.8185,CC_SR_BR_F_V1.txt,JD_CC_SR.txt
CC,SR,BR,F,V2,0.7662,CC_SR_BR_F_V2.txt,JD_CC_SR.txt
CC,SR,BR,F,V3,0.6369,CC_SR_BR_F_V3.txt,JD_CC_SR.txt
CC,SR,BR,M,V1,0.8248,CC_SR_BR_M_V1.txt,JD_CC_SR.txt
CC,SR,BR,M,V2,0.7736,CC_SR_BR_M_V2.txt,JD_CC_SR.txt
CC,SR,BR,M,V3,0.6448,CC_SR_BR_M_V3.txt,JD_CC_SR.txt
CC,SR,IT,F,V1,0.7921,CC_SR_IT_F_V1.txt,JD_CC_SR.txt
CC,SR,IT,F,V2,0.7409,CC_SR_IT_F_V2.txt,JD_CC_SR.txt
CC,SR,IT,F,V3,0.6143,CC_SR_IT_F_V3.txt,JD_CC_SR.txt
CC,SR,IT,M,V1,0.7963,CC_SR_IT_M_V1.txt,JD_CC_SR.txt
CC,SR,IT,M,V2,0.7466,CC_SR_IT_M_V2.txt,JD_CC_SR.txt
CC,SR,IT,M,V3,0.6205,CC_SR_IT_M_V3.txt,JD_CC_SR.txt
CC,SR,MO,F,V1,0.8037,CC_SR_MO_F_V1.txt,JD_CC_SR.txt
CC,SR,MO,F,V2,0.7554,CC_SR_MO_F_V2.txt,JD_CC_SR.txt
CC,SR,MO,F,V3,0.6285,CC_SR_MO_F_V3.txt,JD_CC_SR.txt
CC,SR,MO,M,V1,0.8077,CC_SR_MO_M_V1.txt,JD_CC_SR.txt
CC,SR,MO,M,V2,0.7606,CC_SR_MO_M_V2.txt,JD_CC_SR.txt
CC,SR,MO,M,V3,0.6345,CC_SR_MO_M_V3.txt,JD_CC_SR.txt
HR,JR,AL,F,V1,0.7514,HR_JR_AL_F_V1.txt,JD_HR_JR.txt
HR,JR,AL,F,V2,0.5816,HR_JR_AL_F_V2.txt,JD_HR_JR.txt
HR,JR,AL,F,V3,0.6309,HR_JR_AL_F_V3.txt,JD_HR_JR.txt
HR,JR,AL,M,V1,0.7589,HR_JR_AL_M_V1.txt,JD_HR_JR.txt
HR,JR,AL,M,V2,0.5905,HR_JR_AL_M_V2.txt,JD_HR_JR.txt
HR,JR,AL,M,V3,0.6374,HR_JR_AL_M_V3.txt,JD_HR_JR.txt
HR,JR,BR,F,V1,0.762,HR_JR_BR_F_V1.txt,JD_HR_JR.txt
HR,JR,BR,F,V2,0.5825,HR_JR_BR_F_V2.txt,JD_HR_JR.txt
HR,JR,BR,F,V3,0.6434,HR_JR_BR_F_V3.txt,JD_HR_JR.txt
HR,JR,BR,M,V1,0.7721,HR_JR_BR_M_V1.txt,JD_HR_JR.txt
HR,JR,BR,M,V2,0.5931,HR_JR_BR_M_V2.txt,JD_HR_JR.txt
HR,JR,BR,M,V3,0.6512,HR_JR_BR_M_V3.txt,JD_HR_JR.txt
HR,JR,IT,F,V1,0.7073,HR_JR_IT_F_V1.txt,JD_HR_JR.txt
HR,JR,IT,F,V2,0.567,HR_JR_IT_F_V2.txt,JD_HR_JR.txt
HR,JR,IT,F,V3,0.6245,HR_JR_IT_F_V3.txt,JD_HR_JR.txt
HR,JR,IT,M,V1,0.7137,HR_JR_IT_M_V1.txt,JD_HR_JR.txt
HR,JR,IT,M,V2,0.5761,HR_JR_IT_M_V2.txt,JD_HR_JR.txt
HR,JR,IT,M,V3,0.631,HR_JR_IT_M_V3.txt,JD_HR_JR.txt
HR,JR,MO,F,V1,0.7178,HR_JR_MO_F_V1.txt,JD_HR_JR.txt
HR,JR,MO,F,V2,0.5792,HR_JR_MO_F_V2.txt,JD_HR_JR.txt
HR,JR,MO,F,V3,0.628,HR_JR_MO_F_V3.txt,JD_HR_JR.txt
HR,JR,MO,M,V1,0.724,HR_JR_MO_M_V1.txt,JD_HR_JR.txt
HR,JR,MO,M,V2,0.5876,HR_JR_MO_M_V2.txt,JD_HR_JR.txt
HR,JR,MO,M,V3,0.6338,HR_JR_MO_M_V3.txt,JD_HR_JR.txt
HR,MGR,AL,F,V1,0.7485,HR_MGR_AL_F_V1.txt,JD_HR_MGR.txt
HR,MGR,AL,F,V2,0.6986,HR_MGR_AL_F_V2.txt,JD_HR_MGR.txt
HR,MGR,AL,F,V3,0.699,HR_MGR_AL_F_V3.txt,JD_HR_MGR.txt
HR,MGR,AL,M,V1,0.75,HR_MGR_AL_M_V1.txt,JD_HR_MGR.txt
HR,MGR,AL,M,V2,0.7014,HR_MGR_AL_M_V2.txt,JD_HR_MGR.txt
HR,MGR,AL,M,V3,0.7014,HR_MGR_AL_M_V3.txt,JD_HR_MGR.txt
HR,MGR,BR,F,V1,0.7437,HR_MGR_BR_F_V1.txt,JD_HR_MGR.txt
HR,MGR,BR,F,V2,0.6991,HR_MGR_BR_F_V2.txt,JD_HR_MGR.txt
HR,MGR,BR,F,V3,0.704,HR_MGR_BR_F_V3.txt,JD_HR_MGR.txt
HR,MGR,BR,M,V1,0.7455,HR_MGR_BR_M_V1.txt,JD_HR_MGR.txt
HR,MGR,BR,M,V2,0.7034,HR_MGR_BR_M_V2.txt,JD_HR_MGR.txt
HR,MGR,BR,M,V3,0.7072,HR_MGR_BR_M_V3.txt,JD_HR_MGR.txt
HR,MGR,IT,F,V1,0.7208,HR_MGR_IT_F_V1.txt,JD_HR_MGR.txt
HR,MGR,IT,F,V2,0.6809,HR_MGR_IT_F_V2.txt,JD_HR_MGR.txt
HR,MGR,IT,F,V3,0.6943,HR_MGR_IT_F_V3.txt,JD_HR_MGR.txt
HR,MGR,IT,M,V1,0.7212,HR_MGR_IT_M_V1.txt,JD_HR_MGR.txt
HR,MGR,IT,M,V2,0.683,HR_MGR_IT_M_V2.txt,JD_HR_MGR.txt
HR,MGR,IT,M,V3,0.6963,HR_MGR_IT_M_V3.txt,JD_HR_MGR.txt
HR,MGR,MO,F,V1,0.7294,HR_MGR_MO_F_V1.txt,JD_HR_MGR.txt
HR,MGR,MO,F,V2,0.6909,HR_MGR_MO_F_V2.txt,JD_HR_MGR.txt
HR,MGR,MO,F,V3,0.6965,HR_MGR_MO_F_V3.txt,JD_HR_MGR.txt
HR,MGR,MO,M,V1,0.7299,HR_MGR_MO_M_V1.txt,JD_HR_MGR.txt
HR,MGR,MO,M,V2,0.6931,HR_MGR_MO_M_V2.txt,JD_HR_MGR.txt
HR,MGR,MO,M,V3,0.6983,HR_MGR_MO_M_V3.txt,JD_HR_MGR.txt
HR,MID,AL,F,V1,0.7917,HR_MID_AL_F_V1.txt,JD_HR_MID.txt
HR,MID,AL,F,V2,0.7357,HR_MID_AL_F_V2.txt,JD_HR_MID.txt
HR,MID,AL,F,V3,0.6504,HR_MID_AL_F_V3.txt,JD_HR_MID.txt
HR,MID,AL,M,V1,0.792,HR_MID_AL_M_V1.txt,JD_HR_MID.txt
HR,MID,AL,M,V2,0.7412,HR_MID_AL_M_V2.txt,JD_HR_MID.txt
HR,MID,AL,M,V3,0.6535,HR_MID_AL_M_V3.txt,JD_HR_MID.txt
HR,MID,BR,F,V1,0.8017,HR_MID_BR_F_V1.txt,JD_HR_MID.txt
HR,MID,BR,F,V2,0.7428,HR_MID_BR_F_V2.txt,JD_HR_MID.txt
HR,MID,BR,F,V3,0.6627,HR_MID_BR_F_V3.txt,JD_HR_MID.txt
HR,MID,BR,M,V1,0.8024,HR_MID_BR_M_V1.txt,JD_HR_MID.txt
HR,MID,BR,M,V2,0.7503,HR_MID_BR_M_V2.txt,JD_HR_MID.txt
HR,MID,BR,M,V3,0.6666,HR_MID_BR_M_V3.txt,JD_HR_MID.txt
HR,MID,IT,F,V1,0.7608,HR_MID_IT_F_V1.txt,JD_HR_MID.txt
HR,MID,IT,F,V2,0.7093,HR_MID_IT_F_V2.txt,JD_HR_MID.txt
HR,MID,IT,F,V3,0.6448,HR_MID_IT_F_V3.txt,JD_HR_MID.txt
HR,MID,IT,M,V1,0.7599,HR_MID_IT_M_V1.txt,JD_HR_MID.txt
HR,MID,IT,M,V2,0.7141,HR_MID_IT_M_V2.txt,JD_HR_MID.txt
HR,MID,IT,M,V3,0.6477,HR_MID_IT_M_V3.txt,JD_HR_MID.txt
HR,MID,MO,F,V1,0.7644,HR_MID_MO_F_V1.txt,JD_HR_MID.txt
HR,MID,MO,F,V2,0.7071,HR_MID_MO_F_V2.txt,JD_HR_MID.txt
HR,MID,MO,F,V3,0.6441,HR_MID_MO_F_V3.txt,JD_HR_MID.txt
HR,MID,MO,M,V1,0.7633,HR_MID_MO_M_V1.txt,JD_HR_MID.txt
HR,MID,MO,M,V2,0.711,HR_MID_MO_M_V2.txt,JD_HR_MID.txt
HR,MID,MO,M,V3,0.6467,HR_MID_MO_M_V3.txt,JD_HR_MID.txt
HR,SR,AL,F,V1,0.8507,HR_SR_AL_F_V1.txt,JD_HR_SR.txt
HR,SR,AL,F,V2,0.8056,HR_SR_AL_F_V2.txt,JD_HR_SR.txt
HR,SR,AL,F,V3,0.7134,HR_SR_AL_F_V3.txt,JD_HR_SR.txt
HR,SR,AL,M,V1,0.8554,HR_SR_AL_M_V1.txt,JD_HR_SR.txt
HR,SR,AL,M,V2,0.8125,HR_SR_AL_M_V2.txt,JD_HR_SR.txt
HR,SR,AL,M,V3,0.7212,HR_SR_AL_M_V3.txt,JD_HR_SR.txt
HR,SR,BR,F,V1,0.8555,HR_SR_BR_F_V1.txt,JD_HR_SR.txt
HR,SR,BR,F,V2,0.8054,HR_SR_BR_F_V2.txt,JD_HR_SR.txt
HR,SR,BR,F,V3,0.7191,HR_SR_BR_F_V3.txt,JD_HR_SR.txt
HR,SR,BR,M,V1,0.861,HR_SR_BR_M_V1.txt,JD_HR_SR.txt
HR,SR,BR,M,V2,0.8147,HR_SR_BR_M_V2.txt,JD_HR_SR.txt
HR,SR,BR,M,V3,0.7283,HR_SR_BR_M_V3.txt,JD_HR_SR.txt
HR,SR,IT,F,V1,0.8238,HR_SR_IT_F_V1.txt,JD_HR_SR.txt
HR,SR,IT,F,V2,0.7764,HR_SR_IT_F_V2.txt,JD_HR_SR.txt
HR,SR,IT,F,V3,0.7057,HR_SR_IT_F_V3.txt,JD_HR_SR.txt
HR,SR,IT,M,V1,0.8277,HR_SR_IT_M_V1.txt,JD_HR_SR.txt
HR,SR,IT,M,V2,0.7826,HR_SR_IT_M_V2.txt,JD_HR_SR.txt
HR,SR,IT,M,V3,0.7136,HR_SR_IT_M_V3.txt,JD_HR_SR.txt
HR,SR,MO,F,V1,0.8255,HR_SR_MO_F_V1.txt,JD_HR_SR.txt
HR,SR,MO,F,V2,0.7809,HR_SR_MO_F_V2.txt,JD_HR_SR.txt
HR,SR,MO,F,V3,0.711,HR_SR_MO_F_V3.txt,JD_HR_SR.txt
HR,SR,MO,M,V1,0.8287,HR_SR_MO_M_V1.txt,JD_HR_SR.txt
HR,SR,MO,M,V2,0.7861,HR_SR_MO_M_V2.txt,JD_HR_SR.txt
HR,SR,MO,M,V3,0.7181,HR_SR_MO_M_V3.txt,JD_HR_SR.txt
MKT,JR,AL,F,V1,0.6901,MKT_JR_AL_F_V1.txt,JD_MKT_JR.txt
MKT,JR,AL,F,V2,0.6482,MKT_JR_AL_F_V2.txt,JD_MKT_JR.txt
MKT,JR,AL,F,V3,0.4424,MKT_JR_AL_F_V3.txt,JD_MKT_JR.txt
MKT,JR,AL,M,V1,0.6979,MKT_JR_AL_M_V1.txt,JD_MKT_JR.txt
MKT,JR,AL,M,V2,0.6555,MKT_JR_AL_M_V2.txt,JD_MKT_JR.txt
MKT,JR,AL,M,V3,0.4497,MKT_JR_AL_M_V3.txt,JD_MKT_JR.txt
MKT,JR,BR,F,V1,0.703,MKT_JR_BR_F_V1.txt,JD_MKT_JR.txt
MKT,JR,BR,F,V2,0.6524,MKT_JR_BR_F_V2.txt,JD_MKT_JR.txt
MKT,JR,BR,F,V3,0.4674,MKT_JR_BR_F_V3.txt,JD_MKT_JR.txt
MKT,JR,BR,M,V1,0.7135,MKT_JR_BR_M_V1.txt,JD_MKT_JR.txt
MKT,JR,BR,M,V2,0.6608,MKT_JR_BR_M_V2.txt,JD_MKT_JR.txt
MKT,JR,BR,M,V3,0.477,MKT_JR_BR_M_V3.txt,JD_MKT_JR.txt
MKT,JR,IT,F,V1,0.6665,MKT_JR_IT_F_V1.txt,JD_MKT_JR.txt
MKT,JR,IT,F,V2,0.6364,MKT_JR_IT_F_V2.txt,JD_MKT_JR.txt
MKT,JR,IT,F,V3,0.4519,MKT_JR_IT_F_V3.txt,JD_MKT_JR.txt
MKT,JR,IT,M,V1,0.6736,MKT_JR_IT_M_V1.txt,JD_MKT_JR.txt
MKT,JR,IT,M,V2,0.6436,MKT_JR_IT_M_V2.txt,JD_MKT_JR.txt
MKT,JR,IT,M,V3,0.4597,MKT_JR_IT_M_V3.txt,JD_MKT_JR.txt
MKT,JR,MO,F,V1,0.6609,MKT_JR_MO_F_V1.txt,JD_MKT_JR.txt
MKT,JR,MO,F,V2,0.6365,MKT_JR_MO_F_V2.txt,JD_MKT_JR.txt
MKT,JR,MO,F,V3,0.4429,MKT_JR_MO_F_V3.txt,JD_MKT_JR.txt
MKT,JR,MO,M,V1,0.6669,MKT_JR_MO_M_V1.txt,JD_MKT_JR.txt
MKT,JR,MO,M,V2,0.6431,MKT_JR_MO_M_V2.txt,JD_MKT_JR.txt
MKT,JR,MO,M,V3,0.4493,MKT_JR_MO_M_V3.txt,JD_MKT_JR.txt
MKT,MGR,AL,F,V1,0.69,MKT_MGR_AL_F_V1.txt,JD_MKT_MGR.txt
MKT,MGR,AL,F,V2,0.7055,MKT_MGR_AL_F_V2.txt,JD_MKT_MGR.txt
MKT,MGR,AL,F,V3,0.6155,MKT_MGR_AL_F_V3.txt,JD_MKT_MGR.txt
MKT,MGR,AL,M,V1,0.691,MKT_MGR_AL_M_V1.txt,JD_MKT_MGR.txt
MKT,MGR,AL,M,V2,0.708,MKT_MGR_AL_M_V2.txt,JD_MKT_MGR.txt
MKT,MGR,AL,M,V3,0.6175,MKT_MGR_AL_M_V3.txt,JD_MKT_MGR.txt
MKT,MGR,BR,F,V1,0.6875,MKT_MGR_BR_F_V1.txt,JD_MKT_MGR.txt
MKT,MGR,BR,F,V2,0.708,MKT_MGR_BR_F_V2.txt,JD_MKT_MGR.txt
MKT,MGR,BR,F,V3,0.6208,MKT_MGR_BR_F_V3.txt,JD_MKT_MGR.txt
MKT,MGR,BR,M,V1,0.689,MKT_MGR_BR_M_V1.txt,JD_MKT_MGR.txt
MKT,MGR,BR,M,V2,0.7115,MKT_MGR_BR_M_V2.txt,JD_MKT_MGR.txt
MKT,MGR,BR,M,V3,0.6239,MKT_MGR_BR_M_V3.txt,JD_MKT_MGR.txt
MKT,MGR,IT,F,V1,0.6641,MKT_MGR_IT_F_V1.txt,JD_MKT_MGR.txt
MKT,MGR,IT,F,V2,0.6882,MKT_MGR_IT_F_V2.txt,JD_MKT_MGR.txt
MKT,MGR,IT,F,V3,0.6066,MKT_MGR_IT_F_V3.txt,JD_MKT_MGR.txt
MKT,MGR,IT,M,V1,0.6636,MKT_MGR_IT_M_V1.txt,JD_MKT_MGR.txt
MKT,MGR,IT,M,V2,0.6903,MKT_MGR_IT_M_V2.txt,JD_MKT_MGR.txt
MKT,MGR,IT,M,V3,0.6081,MKT_MGR_IT_M_V3.txt,JD_MKT_MGR.txt
MKT,MGR,MO,F,V1,0.6735,MKT_MGR_MO_F_V1.txt,JD_MKT_MGR.txt
MKT,MGR,MO,F,V2,0.706,MKT_MGR_MO_F_V2.txt,JD_MKT_MGR.txt
MKT,MGR,MO,F,V3,0.6073,MKT_MGR_MO_F_V3.txt,JD_MKT_MGR.txt
MKT,MGR,MO,M,V1,0.6734,MKT_MGR_MO_M_V1.txt,JD_MKT_MGR.txt
MKT,MGR,MO,M,V2,0.7085,MKT_MGR_MO_M_V2.txt,JD_MKT_MGR.txt
MKT,MGR,MO,M,V3,0.6087,MKT_MGR_MO_M_V3.txt,JD_MKT_MGR.txt
MKT,MID,AL,F,V1,0.6862,MKT_MID_AL_F_V1.txt,JD_MKT_MID.txt
MKT,MID,AL,F,V2,0.5909,MKT_MID_AL_F_V2.txt,JD_MKT_MID.txt
MKT,MID,AL,F,V3,0.6038,MKT_MID_AL_F_V3.txt,JD_MKT_MID.txt
MKT,MID,AL,M,V1,0.6917,MKT_MID_AL_M_V1.txt,JD_MKT_MID.txt
MKT,MID,AL,M,V2,0.5956,MKT_MID_AL_M_V2.txt,JD_MKT_MID.txt
MKT,MID,AL,M,V3,0.607,MKT_MID_AL_M_V3.txt,JD_MKT_MID.txt
MKT,MID,BR,F,V1,0.6937,MKT_MID_BR_F_V1.txt,JD_MKT_MID.txt
MKT,MID,BR,F,V2,0.5956,MKT_MID_BR_F_V2.txt,JD_MKT_MID.txt
MKT,MID,BR,F,V3,0.6136,MKT_MID_BR_F_V3.txt,JD_MKT_MID.txt
MKT,MID,BR,M,V1,0.7007,MKT_MID_BR_M_V1.txt,JD_MKT_MID.txt
MKT,MID,BR,M,V2,0.6014,MKT_MID_BR_M_V2.txt,JD_MKT_MID.txt
MKT,MID,BR,M,V3,0.6174,MKT_MID_BR_M_V3.txt,JD_MKT_MID.txt
MKT,MID,IT,F,V1,0.6755,MKT_MID_IT_F_V1.txt,JD_MKT_MID.txt
MKT,MID,IT,F,V2,0.5814,MKT_MID_IT_F_V2.txt,JD_MKT_MID.txt
MKT,MID,IT,F,V3,0.6087,MKT_MID_IT_F_V3.txt,JD_MKT_MID.txt
MKT,MID,IT,M,V1,0.6806,MKT_MID_IT_M_V1.txt,JD_MKT_MID.txt
MKT,MID,IT,M,V2,0.5856,MKT_MID_IT_M_V2.txt,JD_MKT_MID.txt
MKT,MID,IT,M,V3,0.6122,MKT_MID_IT_M_V3.txt,JD_MKT_MID.txt
MKT,MID,MO,F,V1,0.6713,MKT_MID_MO_F_V1.txt,JD_MKT_MID.txt
MKT,MID,MO,F,V2,0.5859,MKT_MID_MO_F_V2.txt,JD_MKT_MID.txt
MKT,MID,MO,F,V3,0.6054,MKT_MID_MO_F_V3.txt,JD_MKT_MID.txt
MKT,MID,MO,M,V1,0.6756,MKT_MID_MO_M_V1.txt,JD_MKT_MID.txt
MKT,MID,MO,M,V2,0.5899,MKT_MID_MO_M_V2.txt,JD_MKT_MID.txt
MKT,MID,MO,M,V3,0.6087,MKT_MID_MO_M_V3.txt,JD_MKT_MID.txt
MKT,SR,AL,F,V1,0.7749,MKT_SR_AL_F_V1.txt,JD_MKT_SR.txt
MKT,SR,AL,F,V2,0.6338,MKT_SR_AL_F_V2.txt,JD_MKT_SR.txt
MKT,SR,AL,F,V3,0.5384,MKT_SR_AL_F_V3.txt,JD_MKT_SR.txt
MKT,SR,AL,M,V1,0.7802,MKT_SR_AL_M_V1.txt,JD_MKT_SR.txt
MKT,SR,AL,M,V2,0.6412,MKT_SR_AL_M_V2.txt,JD_MKT_SR.txt
MKT,SR,AL,M,V3,0.5436,MKT_SR_AL_M_V3.txt,JD_MKT_SR.txt
MKT,SR,BR,F,V1,0.7742,MKT_SR_BR_F_V1.txt,JD_MKT_SR.txt
MKT,SR,BR,F,V2,0.6307,MKT_SR_BR_F_V2.txt,JD_MKT_SR.txt
MKT,SR,BR,F,V3,0.5417,MKT_SR_BR_F_V3.txt,JD_MKT_SR.txt
MKT,SR,BR,M,V1,0.7809,MKT_SR_BR_M_V1.txt,JD_MKT_SR.txt
MKT,SR,BR,M,V2,0.6396,MKT_SR_BR_M_V2.txt,JD_MKT_SR.txt
MKT,SR,BR,M,V3,0.5476,MKT_SR_BR_M_V3.txt,JD_MKT_SR.txt
MKT,SR,IT,F,V1,0.7568,MKT_SR_IT_F_V1.txt,JD_MKT_SR.txt
MKT,SR,IT,F,V2,0.6248,MKT_SR_IT_F_V2.txt,JD_MKT_SR.txt
MKT,SR,IT,F,V3,0.5354,MKT_SR_IT_F_V3.txt,JD_MKT_SR.txt
MKT,SR,IT,M,V1,0.7619,MKT_SR_IT_M_V1.txt,JD_MKT_SR.txt
MKT,SR,IT,M,V2,0.6324,MKT_SR_IT_M_V2.txt,JD_MKT_SR.txt
MKT,SR,IT,M,V3,0.5407,MKT_SR_IT_M_V3.txt,JD_MKT_SR.txt
MKT,SR,MO,F,V1,0.7565,MKT_SR_MO_F_V1.txt,JD_MKT_SR.txt
MKT,SR,MO,F,V2,0.6261,MKT_SR_MO_F_V2.txt,JD_MKT_SR.txt
MKT,SR,MO,F,V3,0.5312,MKT_SR_MO_F_V3.txt,JD_MKT_SR.txt
MKT,SR,MO,M,V1,0.7607,MKT_SR_MO_M_V1.txt,JD_MKT_SR.txt
MKT,SR,MO,M,V2,0.6327,MKT_SR_MO_M_V2.txt,JD_MKT_SR.txt
MKT,SR,MO,M,V3,0.5358,MKT_SR_MO_M_V3.txt,JD_MKT_SR.txt
PM,JR,AL,F,V1,0.7296,PM_JR_AL_F_V1.txt,JD_PM_JR.txt
PM,JR,AL,F,V2,0.7107,PM_JR_AL_F_V2.txt,JD_PM_JR.txt
PM,JR,AL,F,V3,0.6287,PM_JR_AL_F_V3.txt,JD_PM_JR.txt
PM,JR,AL,M,V1,0.7368,PM_JR_AL_M_V1.txt,JD_PM_JR.txt
PM,JR,AL,M,V2,0.7195,PM_JR_AL_M_V2.txt,JD_PM_JR.txt
PM,JR,AL,M,V3,0.6344,PM_JR_AL_M_V3.txt,JD_PM_JR.txt
PM,JR,BR,F,V1,0.7346,PM_JR_BR_F_V1.txt,JD_PM_JR.txt
PM,JR,BR,F,V2,0.7045,PM_JR_BR_F_V2.txt,JD_PM_JR.txt
PM,JR,BR,F,V3,0.6416,PM_JR_BR_F_V3.txt,JD_PM_JR.txt
PM,JR,BR,M,V1,0.7456,PM_JR_BR_M_V1.txt,JD_PM_JR.txt
PM,JR,BR,M,V2,0.7163,PM_JR_BR_M_V2.txt,JD_PM_JR.txt
PM,JR,BR,M,V3,0.6492,PM_JR_BR_M_V3.txt,JD_PM_JR.txt
PM,JR,IT,F,V1,0.693,PM_JR_IT_F_V1.txt,JD_PM_JR.txt
PM,JR,IT,F,V2,0.6887,PM_JR_IT_F_V2.txt,JD_PM_JR.txt
PM,JR,IT,F,V3,0.6138,PM_JR_IT_F_V3.txt,JD_PM_JR.txt
PM,JR,IT,M,V1,0.7,PM_JR_IT_M_V1.txt,JD_PM_JR.txt
PM,JR,IT,M,V2,0.6978,PM_JR_IT_M_V2.txt,JD_PM_JR.txt
PM,JR,IT,M,V3,0.6189,PM_JR_IT_M_V3.txt,JD_PM_JR.txt
PM,JR,MO,F,V1,0.7087,PM_JR_MO_F_V1.txt,JD_PM_JR.txt
PM,JR,MO,F,V2,0.6988,PM_JR_MO_F_V2.txt,JD_PM_JR.txt
PM,JR,MO,F,V3,0.6143,PM_JR_MO_F_V3.txt,JD_PM_JR.txt
PM,JR,MO,M,V1,0.7143,PM_JR_MO_M_V1.txt,JD_PM_JR.txt
PM,JR,MO,M,V2,0.7063,PM_JR_MO_M_V2.txt,JD_PM_JR.txt
PM,JR,MO,M,V3,0.6189,PM_JR_MO_M_V3.txt,JD_PM_JR.txt
PM,MGR,AL,F,V1,0.6341,PM_MGR_AL_F_V1.txt,JD_PM_MGR.txt
PM,MGR,AL,F,V2,0.606,PM_MGR_AL_F_V2.txt,JD_PM_MGR.txt
PM,MGR,AL,F,V3,0.4818,PM_MGR_AL_F_V3.txt,JD_PM_MGR.txt
PM,MGR,AL,M,V1,0.6361,PM_MGR_AL_M_V1.txt,JD_PM_MGR.txt
PM,MGR,AL,M,V2,0.6118,PM_MGR_AL_M_V2.txt,JD_PM_MGR.txt
PM,MGR,AL,M,V3,0.4827,PM_MGR_AL_M_V3.txt,JD_PM_MGR.txt
PM,MGR,BR,F,V1,0.6293,PM_MGR_BR_F_V1.txt,JD_PM_MGR.txt
PM,MGR,BR,F,V2,0.6101,PM_MGR_BR_F_V2.txt,JD_PM_MGR.txt
PM,MGR,BR,F,V3,0.4848,PM_MGR_BR_F_V3.txt,JD_PM_MGR.txt
PM,MGR,BR,M,V1,0.6319,PM_MGR_BR_M_V1.txt,JD_PM_MGR.txt
PM,MGR,BR,M,V2,0.6191,PM_MGR_BR_M_V2.txt,JD_PM_MGR.txt
PM,MGR,BR,M,V3,0.4864,PM_MGR_BR_M_V3.txt,JD_PM_MGR.txt
PM,MGR,IT,F,V1,0.6106,PM_MGR_IT_F_V1.txt,JD_PM_MGR.txt
PM,MGR,IT,F,V2,0.5838,PM_MGR_IT_F_V2.txt,JD_PM_MGR.txt
PM,MGR,IT,F,V3,0.4794,PM_MGR_IT_F_V3.txt,JD_PM_MGR.txt
PM,MGR,IT,M,V1,0.6119,PM_MGR_IT_M_V1.txt,JD_PM_MGR.txt
PM,MGR,IT,M,V2,0.5893,PM_MGR_IT_M_V2.txt,JD_PM_MGR.txt
PM,MGR,IT,M,V3,0.4802,PM_MGR_IT_M_V3.txt,JD_PM_MGR.txt
PM,MGR,MO,F,V1,0.6165,PM_MGR_MO_F_V1.txt,JD_PM_MGR.txt
PM,MGR,MO,F,V2,0.5982,PM_MGR_MO_F_V2.txt,JD_PM_MGR.txt
PM,MGR,MO,F,V3,0.4748,PM_MGR_MO_F_V3.txt,JD_PM_MGR.txt
PM,MGR,MO,M,V1,0.6181,PM_MGR_MO_M_V1.txt,JD_PM_MGR.txt
PM,MGR,MO,M,V2,0.6035,PM_MGR_MO_M_V2.txt,JD_PM_MGR.txt
PM,MGR,MO,M,V3,0.4758,PM_MGR_MO_M_V3.txt,JD_PM_MGR.txt
PM,MID,AL,F,V1,0.6343,PM_MID_AL_F_V1.txt,JD_PM_MID.txt
PM,MID,AL,F,V2,0.5174,PM_MID_AL_F_V2.txt,JD_PM_MID.txt
PM,MID,AL,F,V3,0.5531,PM_MID_AL_F_V3.txt,JD_PM_MID.txt
PM,MID,AL,M,V1,0.6388,PM_MID_AL_M_V1.txt,JD_PM_MID.txt
PM,MID,AL,M,V2,0.5198,PM_MID_AL_M_V2.txt,JD_PM_MID.txt
PM,MID,AL,M,V3,0.5547,PM_MID_AL_M_V3.txt,JD_PM_MID.txt
PM,MID,BR,F,V1,0.6482,PM_MID_BR_F_V1.txt,JD_PM_MID.txt
PM,MID,BR,F,V2,0.5312,PM_MID_BR_F_V2.txt,JD_PM_MID.txt
PM,MID,BR,F,V3,0.561,PM_MID_BR_F_V3.txt,JD_PM_MID.txt
PM,MID,BR,M,V1,0.6552,PM_MID_BR_M_V1.txt,JD_PM_MID.txt
PM,MID,BR,M,V2,0.5352,PM_MID_BR_M_V2.txt,JD_PM_MID.txt
PM,MID,BR,M,V3,0.5641,PM_MID_BR_M_V3.txt,JD_PM_MID.txt
PM,MID,IT,F,V1,0.6064,PM_MID_IT_F_V1.txt,JD_PM_MID.txt
PM,MID,IT,F,V2,0.5077,PM_MID_IT_F_V2.txt,JD_PM_MID.txt
PM,MID,IT,F,V3,0.5538,PM_MID_IT_F_V3.txt,JD_PM_MID.txt
PM,MID,IT,M,V1,0.6097,PM_MID_IT_M_V1.txt,JD_PM_MID.txt
PM,MID,IT,M,V2,0.5099,PM_MID_IT_M_V2.txt,JD_PM_MID.txt
PM,MID,IT,M,V3,0.556,PM_MID_IT_M_V3.txt,JD_PM_MID.txt
PM,MID,MO,F,V1,0.6225,PM_MID_MO_F_V1.txt,JD_PM_MID.txt
PM,MID,MO,F,V2,0.5189,PM_MID_MO_F_V2.txt,JD_PM_MID.txt
PM,MID,MO,F,V3,0.5509,PM_MID_MO_F_V3.txt,JD_PM_MID.txt
PM,MID,MO,M,V1,0.6258,PM_MID_MO_M_V1.txt,JD_PM_MID.txt
PM,MID,MO,M,V2,0.5213,PM_MID_MO_M_V2.txt,JD_PM_MID.txt
PM,MID,MO,M,V3,0.553,PM_MID_MO_M_V3.txt,JD_PM_MID.txt
PM,SR,AL,F,V1,0.6819,PM_SR_AL_F_V1.txt,JD_PM_SR.txt
PM,SR,AL,F,V2,0.6619,PM_SR_AL_F_V2.txt,JD_PM_SR.txt
PM,SR,AL,F,V3,0.596,PM_SR_AL_F_V3.txt,JD_PM_SR.txt
PM,SR,AL,M,V1,0.6861,PM_SR_AL_M_V1.txt,JD_PM_SR.txt
PM,SR,AL,M,V2,0.6729,PM_SR_AL_M_V2.txt,JD_PM_SR.txt
PM,SR,AL,M,V3,0.6001,PM_SR_AL_M_V3.txt,JD_PM_SR.txt
PM,SR,BR,F,V1,0.6976,PM_SR_BR_F_V1.txt,JD_PM_SR.txt
PM,SR,BR,F,V2,0.6647,PM_SR_BR_F_V2.txt,JD_PM_SR.txt
PM,SR,BR,F,V3,0.6121,PM_SR_BR_F_V3.txt,JD_PM_SR.txt
PM,SR,BR,M,V1,0.7037,PM_SR_BR_M_V1.txt,JD_PM_SR.txt
PM,SR,BR,M,V2,0.6791,PM_SR_BR_M_V2.txt,JD_PM_SR.txt
PM,SR,BR,M,V3,0.6176,PM_SR_BR_M_V3.txt,JD_PM_SR.txt
PM,SR,IT,F,V1,0.6648,PM_SR_IT_F_V1.txt,JD_PM_SR.txt
PM,SR,IT,F,V2,0.6377,PM_SR_IT_F_V2.txt,JD_PM_SR.txt
PM,SR,IT,F,V3,0.5995,PM_SR_IT_F_V3.txt,JD_PM_SR.txt
PM,SR,IT,M,V1,0.669,PM_SR_IT_M_V1.txt,JD_PM_SR.txt
PM,SR,IT,M,V2,0.6478,PM_SR_IT_M_V2.txt,JD_PM_SR.txt
PM,SR,IT,M,V3,0.6035,PM_SR_IT_M_V3.txt,JD_PM_SR.txt
PM,SR,MO,F,V1,0.677,PM_SR_MO_F_V1.txt,JD_PM_SR.txt
PM,SR,MO,F,V2,0.652,PM_SR_MO_F_V2.txt,JD_PM_SR.txt
PM,SR,MO,F,V3,0.591,PM_SR_MO_F_V3.txt,JD_PM_SR.txt
PM,SR,MO,M,V1,0.6803,PM_SR_MO_M_V1.txt,JD_PM_SR.txt
PM,SR,MO,M,V2,0.6623,PM_SR_MO_M_V2.txt,JD_PM_SR.txt
PM,SR,MO,M,V3,0.5947,PM_SR_MO_M_V3.txt,JD_PM_SR.txt
